epoch,time,train/box_loss,train/seg_loss,train/cls_loss,train/dfl_loss,metrics/precision(B),metrics/recall(B),metrics/mAP50(B),metrics/mAP50-95(B),metrics/precision(M),metrics/recall(M),metrics/mAP50(M),metrics/mAP50-95(M),val/box_loss,val/seg_loss,val/cls_loss,val/dfl_loss,lr/pg0,lr/pg1,lr/pg2
1,10.4254,0.72324,2.30976,5.06755,0.99011,0.00333,1,0.995,0.9432,0.00333,1,0.995,0.93081,0.32206,0.61641,3.62061,0.78955,0.0002,0.0002,0.0002
2,13.8068,0.50905,0.43277,3.2437,0.8397,0.00333,1,0.98368,0.89023,0.00333,1,0.98368,0.88893,0.36281,0.62721,3.62899,0.80474,0.000415842,0.000415842,0.000415842
3,17.1896,0.50434,0.37079,2.61252,0.83648,0.00326,0.97727,0.97459,0.85078,0.00326,0.97727,0.97459,0.91518,0.52453,0.91761,3.79614,0.85257,0.000627328,0.000627328,0.000627328
4,20.669,0.51156,0.36684,2.61361,0.85296,0.00468,1,0.98427,0.89371,0.00468,1,0.98427,0.85931,0.43757,0.96252,3.56266,0.81196,0.000834458,0.000834458,0.000834458
5,24.1408,0.54282,0.33679,2.33715,0.85071,0.99997,1,0.995,0.86372,0.99997,1,0.995,0.9546,0.54687,0.38288,3.35047,0.82406,0.00103723,0.00103723,0.00103723
6,27.7309,0.51255,0.35791,2.2171,0.8454,0.99378,1,0.995,0.82115,0.99378,1,0.995,0.90982,0.6818,0.57026,2.80197,0.86256,0.00123565,0.00123565,0.00123565
7,31.0562,0.52088,0.35934,2.04609,0.83394,1,0.99735,0.995,0.88627,1,0.99735,0.995,0.56873,0.53228,2.98063,2.68861,0.83367,0.00142971,0.00142971,0.00142971
8,34.5243,0.5323,0.34104,1.88045,0.84101,0.99562,1,0.995,0.88619,0.99562,1,0.995,0.96485,0.53397,0.40296,2.4558,0.82895,0.00161942,0.00161942,0.00161942
9,38.2582,0.54551,0.40063,1.77162,0.83773,0.99594,1,0.995,0.85942,0.99594,1,0.995,0.93229,0.58715,0.69744,2.45009,0.8466,0.00180477,0.00180477,0.00180477
10,41.5958,0.53343,0.36876,1.58412,0.83382,0.99703,1,0.995,0.84952,0.99703,1,0.995,0.98176,0.53483,0.35939,1.46759,0.82857,0.0018218,0.0018218,0.0018218
11,45.0914,0.53186,0.33584,1.46136,0.84533,0.99838,1,0.995,0.89069,0.99838,1,0.995,0.98333,0.47732,0.3297,1.03732,0.81571,0.001802,0.001802,0.001802
12,48.4983,0.57181,0.3374,1.38191,0.84699,0.99655,1,0.995,0.88729,0.99655,1,0.995,0.99038,0.50264,0.3129,0.89666,0.82108,0.0017822,0.0017822,0.0017822
13,51.9507,0.51035,0.31227,1.36779,0.83464,0.99841,1,0.995,0.87372,0.99841,1,0.995,0.9796,0.55232,0.3047,0.79831,0.82612,0.0017624,0.0017624,0.0017624
14,55.3885,0.48471,0.32144,1.25254,0.83913,0.99834,1,0.995,0.89412,0.99834,1,0.995,0.98336,0.42669,0.28474,0.65018,0.80423,0.0017426,0.0017426,0.0017426
15,58.7735,0.47926,0.31884,1.08903,0.83419,0.9977,1,0.995,0.90464,0.9977,1,0.995,0.98775,0.45877,0.2842,0.88924,0.81803,0.0017228,0.0017228,0.0017228
16,62.1908,0.4946,0.30063,1.10108,0.84422,0.99865,1,0.995,0.89928,0.99865,1,0.995,0.995,0.45928,0.25219,0.7259,0.80796,0.001703,0.001703,0.001703
17,65.6354,0.47203,0.27499,1.00945,0.82161,0.99865,1,0.995,0.89808,0.99865,1,0.995,0.97509,0.45805,0.25399,0.63338,0.80119,0.0016832,0.0016832,0.0016832
18,69.062,0.45501,0.27177,0.92492,0.81824,0.99837,1,0.995,0.92547,0.99837,1,0.995,0.995,0.3922,0.25536,0.65886,0.79464,0.0016634,0.0016634,0.0016634
19,72.4969,0.4592,0.26999,0.91998,0.824,0.99725,1,0.995,0.88811,0.99725,1,0.995,0.99011,0.4591,0.24537,0.60264,0.81242,0.0016436,0.0016436,0.0016436
20,75.8777,0.42855,0.25247,0.85168,0.82549,0.99862,1,0.995,0.91039,0.99862,1,0.995,0.99141,0.41077,0.22631,0.58628,0.7957,0.0016238,0.0016238,0.0016238
21,79.3579,0.44327,0.25718,0.81957,0.82592,0.99868,1,0.995,0.91319,0.99868,1,0.995,0.9887,0.44509,0.25171,0.55948,0.80129,0.001604,0.001604,0.001604
22,82.7956,0.44585,0.26092,0.79132,0.83041,0.99186,1,0.995,0.9177,0.99186,1,0.995,0.99191,0.41782,0.25072,0.66229,0.79937,0.0015842,0.0015842,0.0015842
23,86.1418,0.41927,0.24784,0.74116,0.81768,0.99834,1,0.995,0.86908,0.99834,1,0.995,0.995,0.45399,0.24944,0.50571,0.7991,0.0015644,0.0015644,0.0015644
24,89.5307,0.4234,0.25254,0.69391,0.81089,0.99871,1,0.995,0.91566,0.99871,1,0.995,0.9845,0.44105,0.24338,0.43094,0.81613,0.0015446,0.0015446,0.0015446
25,92.9946,0.42006,0.24895,0.66224,0.81883,0.99835,1,0.995,0.91503,0.99835,1,0.995,0.99026,0.39292,0.24047,0.43902,0.79502,0.0015248,0.0015248,0.0015248
26,96.3976,0.40324,0.28321,0.62963,0.81799,0.99865,1,0.995,0.9303,0.99865,1,0.995,0.98571,0.33251,0.2669,0.36738,0.78329,0.001505,0.001505,0.001505
27,99.8104,0.37644,0.26872,0.61952,0.81028,0.99857,1,0.995,0.97902,0.99857,1,0.995,0.99114,0.29993,0.23195,0.35839,0.78546,0.0014852,0.0014852,0.0014852
28,103.27,0.35197,0.25156,0.58252,0.80554,0.9986,1,0.995,0.96154,0.9986,1,0.995,0.99079,0.28638,0.25335,0.33079,0.78281,0.0014654,0.0014654,0.0014654
29,106.614,0.37171,0.25939,0.58587,0.8064,0.9987,1,0.995,0.92686,0.9987,1,0.995,0.995,0.29168,0.25465,0.30639,0.78151,0.0014456,0.0014456,0.0014456
30,110.031,0.37561,0.26485,0.56685,0.81041,0.99863,1,0.995,0.96203,0.99863,1,0.995,0.98598,0.29194,0.24535,0.30392,0.77976,0.0014258,0.0014258,0.0014258
31,113.545,0.34671,0.25076,0.52072,0.80814,0.99768,1,0.995,0.97301,0.99768,1,0.995,0.9927,0.25527,0.24118,0.32376,0.77718,0.001406,0.001406,0.001406
32,116.937,0.35073,0.26735,0.51018,0.81096,0.99859,1,0.995,0.97219,0.99859,1,0.995,0.98317,0.28405,0.238,0.31537,0.77679,0.0013862,0.0013862,0.0013862
33,120.282,0.37425,0.26031,0.52926,0.81991,0.9986,1,0.995,0.96027,0.9986,1,0.995,0.97852,0.29873,0.24109,0.2993,0.77922,0.0013664,0.0013664,0.0013664
34,123.628,0.33914,0.23043,0.47455,0.80452,0.99853,1,0.995,0.97865,0.99853,1,0.995,0.97932,0.2921,0.25251,0.28991,0.78032,0.0013466,0.0013466,0.0013466
35,127.096,0.33293,0.22546,0.47273,0.82529,0.99861,1,0.995,0.95747,0.99861,1,0.995,0.98964,0.3016,0.2104,0.2699,0.77951,0.0013268,0.0013268,0.0013268
36,130.584,0.32512,0.23961,0.45969,0.79934,0.99873,1,0.995,0.95869,0.99873,1,0.995,0.98947,0.27249,0.22385,0.25264,0.77548,0.001307,0.001307,0.001307
37,133.932,0.3362,0.23484,0.45427,0.81608,0.99877,1,0.995,0.94767,0.99877,1,0.995,0.995,0.32223,0.21934,0.26229,0.78074,0.0012872,0.0012872,0.0012872
38,137.256,0.32009,0.2504,0.43066,0.79923,0.99872,1,0.995,0.96005,0.99872,1,0.995,0.99135,0.2658,0.22896,0.25707,0.77841,0.0012674,0.0012674,0.0012674
39,140.555,0.31232,0.24108,0.436,0.80771,0.99872,1,0.995,0.97085,0.99872,1,0.995,0.99204,0.24937,0.22346,0.23244,0.7732,0.0012476,0.0012476,0.0012476
40,143.848,0.29761,0.23754,0.41251,0.7857,0.9987,1,0.995,0.98339,0.9987,1,0.995,0.995,0.23711,0.2085,0.22488,0.77359,0.0012278,0.0012278,0.0012278
41,147.325,0.32431,0.23991,0.41732,0.81025,0.95389,1,0.995,0.96531,0.95389,1,0.995,0.995,0.27317,0.2156,0.32798,0.78151,0.001208,0.001208,0.001208
42,150.668,0.33293,0.26075,0.42047,0.80537,0.98876,1,0.995,0.9463,0.98876,1,0.995,0.97968,0.29674,0.30367,0.27135,0.78555,0.0011882,0.0011882,0.0011882
43,153.946,0.31583,0.25593,0.42446,0.79492,0.99867,1,0.995,0.98699,0.99867,1,0.995,0.98255,0.23594,0.21669,0.21481,0.77404,0.0011684,0.0011684,0.0011684
44,157.264,0.32668,0.26577,0.39985,0.8014,0.9987,1,0.995,0.96592,0.9987,1,0.995,0.98483,0.2716,0.24542,0.23195,0.77532,0.0011486,0.0011486,0.0011486
45,160.515,0.30408,0.27344,0.39938,0.7964,0.99864,1,0.995,0.97393,0.99864,1,0.995,0.99036,0.24651,0.23952,0.21889,0.77318,0.0011288,0.0011288,0.0011288
46,163.904,0.30557,0.24014,0.39408,0.78929,0.99872,1,0.995,0.96847,0.99872,1,0.995,0.9845,0.26388,0.22561,0.22966,0.77586,0.001109,0.001109,0.001109
47,167.167,0.29922,0.2365,0.36685,0.80492,0.99733,1,0.995,0.97565,0.99733,1,0.995,0.99137,0.24616,0.21822,0.26002,0.77594,0.0010892,0.0010892,0.0010892
48,170.433,0.32048,0.24465,0.37809,0.81941,0.99864,1,0.995,0.97693,0.99864,1,0.995,0.99275,0.26897,0.22357,0.22247,0.77795,0.0010694,0.0010694,0.0010694
49,173.772,0.30139,0.25836,0.35804,0.80681,0.99879,1,0.995,0.97988,0.99879,1,0.995,0.995,0.23335,0.24233,0.19998,0.77355,0.0010496,0.0010496,0.0010496
50,177.119,0.32323,0.25227,0.37039,0.80139,0.9988,1,0.995,0.98637,0.9988,1,0.995,0.99211,0.26339,0.22946,0.23151,0.77594,0.0010298,0.0010298,0.0010298
51,180.479,0.31041,0.2302,0.36178,0.80434,0.99877,1,0.995,0.96964,0.99877,1,0.995,0.995,0.25587,0.21255,0.23586,0.7776,0.00101,0.00101,0.00101
52,183.752,0.32971,0.21784,0.37298,0.80016,0.99876,1,0.995,0.97846,0.99876,1,0.995,0.995,0.24382,0.21791,0.2219,0.77485,0.0009902,0.0009902,0.0009902
53,187.052,0.30777,0.23794,0.36823,0.79714,0.99874,1,0.995,0.97731,0.99874,1,0.995,0.995,0.26807,0.20373,0.23217,0.77593,0.0009704,0.0009704,0.0009704
54,190.325,0.32196,0.23268,0.36307,0.79784,0.99868,1,0.995,0.97784,0.99868,1,0.995,0.98018,0.24277,0.21774,0.20629,0.77481,0.0009506,0.0009506,0.0009506
55,193.6,0.28839,0.23031,0.35636,0.80504,0.99858,1,0.995,0.98263,0.99858,1,0.995,0.98772,0.23306,0.22348,0.20526,0.77421,0.0009308,0.0009308,0.0009308
56,197.101,0.2775,0.23799,0.34726,0.80991,0.99857,1,0.995,0.97845,0.99857,1,0.995,0.995,0.24549,0.20542,0.23137,0.7751,0.000911,0.000911,0.000911
57,200.425,0.27273,0.2302,0.32838,0.80045,0.99874,1,0.995,0.98783,0.99874,1,0.995,0.98862,0.21502,0.2238,0.2183,0.77301,0.0008912,0.0008912,0.0008912
58,203.779,0.27122,0.23277,0.31971,0.80745,0.99875,1,0.995,0.98446,0.99875,1,0.995,0.995,0.21017,0.2033,0.20422,0.77189,0.0008714,0.0008714,0.0008714
59,207.079,0.27145,0.2131,0.31238,0.78726,0.99878,1,0.995,0.9886,0.99878,1,0.995,0.991,0.22045,0.20587,0.21689,0.77183,0.0008516,0.0008516,0.0008516
60,210.359,0.25914,0.22564,0.30564,0.80222,0.99874,1,0.995,0.99302,0.99874,1,0.995,0.99137,0.21188,0.20987,0.20309,0.77165,0.0008318,0.0008318,0.0008318
61,213.624,0.26662,0.23043,0.3094,0.79999,0.99873,1,0.995,0.98563,0.99873,1,0.995,0.9925,0.20382,0.19991,0.19696,0.77133,0.000812,0.000812,0.000812
62,216.889,0.24791,0.22441,0.29903,0.79458,0.99874,1,0.995,0.99294,0.99874,1,0.995,0.995,0.20239,0.20017,0.19037,0.77044,0.0007922,0.0007922,0.0007922
63,220.244,0.25372,0.22143,0.31061,0.78529,0.99879,1,0.995,0.995,0.99879,1,0.995,0.995,0.18352,0.20732,0.19024,0.77026,0.0007724,0.0007724,0.0007724
64,223.51,0.25944,0.20866,0.31256,0.7963,0.99876,1,0.995,0.99158,0.99876,1,0.995,0.99377,0.19319,0.20458,0.18591,0.76995,0.0007526,0.0007526,0.0007526
65,226.773,0.26743,0.22753,0.30858,0.79546,0.99874,1,0.995,0.99285,0.99874,1,0.995,0.995,0.17869,0.20055,0.17194,0.77012,0.0007328,0.0007328,0.0007328
66,230.139,0.25735,0.21062,0.2981,0.8023,0.99876,1,0.995,0.99291,0.99876,1,0.995,0.995,0.19072,0.20638,0.18232,0.77138,0.000713,0.000713,0.000713
67,233.477,0.23581,0.22298,0.28447,0.78555,0.99879,1,0.995,0.98911,0.99879,1,0.995,0.99341,0.19578,0.20513,0.18425,0.77188,0.0006932,0.0006932,0.0006932
68,236.811,0.23557,0.21784,0.28572,0.80148,0.9988,1,0.995,0.99226,0.9988,1,0.995,0.99339,0.17573,0.21126,0.18146,0.76881,0.0006734,0.0006734,0.0006734
69,240.147,0.24445,0.22184,0.28843,0.79456,0.9988,1,0.995,0.99301,0.9988,1,0.995,0.99011,0.18129,0.20334,0.18703,0.76848,0.0006536,0.0006536,0.0006536
70,243.423,0.22575,0.21477,0.27454,0.80419,0.99881,1,0.995,0.9909,0.99881,1,0.995,0.99342,0.17353,0.21131,0.17863,0.7682,0.0006338,0.0006338,0.0006338
71,246.7,0.24419,0.21859,0.27794,0.78629,0.99879,1,0.995,0.99336,0.99879,1,0.995,0.98993,0.18304,0.20882,0.1769,0.7687,0.000614,0.000614,0.000614
72,249.963,0.24848,0.22352,0.27596,0.79416,0.99878,1,0.995,0.99193,0.99878,1,0.995,0.99182,0.17579,0.20914,0.17964,0.76867,0.0005942,0.0005942,0.0005942
73,253.214,0.23196,0.21932,0.26892,0.78185,0.99878,1,0.995,0.995,0.99878,1,0.995,0.99167,0.17605,0.21137,0.17234,0.76814,0.0005744,0.0005744,0.0005744
74,256.487,0.23675,0.22407,0.26631,0.79312,0.99813,1,0.995,0.995,0.99813,1,0.995,0.99164,0.18559,0.19934,0.16188,0.76926,0.0005546,0.0005546,0.0005546
75,259.743,0.21938,0.25794,0.25628,0.78334,0.9988,1,0.995,0.99243,0.9988,1,0.995,0.99198,0.16769,0.21163,0.15552,0.76821,0.0005348,0.0005348,0.0005348
76,263.021,0.23028,0.21739,0.27023,0.79594,0.9988,1,0.995,0.99359,0.9988,1,0.995,0.99225,0.1794,0.22286,0.15814,0.76903,0.000515,0.000515,0.000515
77,266.321,0.22007,0.22223,0.25979,0.79808,0.99881,1,0.995,0.99336,0.99881,1,0.995,0.99321,0.17948,0.22611,0.15623,0.76935,0.0004952,0.0004952,0.0004952
78,269.587,0.22673,0.21053,0.26038,0.78194,0.99881,1,0.995,0.995,0.99881,1,0.995,0.99015,0.18144,0.19344,0.17101,0.76879,0.0004754,0.0004754,0.0004754
79,272.854,0.21824,0.21223,0.25905,0.79566,0.99879,1,0.995,0.99256,0.99879,1,0.995,0.98934,0.17266,0.19367,0.17238,0.76827,0.0004556,0.0004556,0.0004556
80,276.079,0.21776,0.20419,0.25582,0.80097,0.99881,1,0.995,0.995,0.99881,1,0.995,0.98941,0.16685,0.19004,0.15683,0.76793,0.0004358,0.0004358,0.0004358
81,279.279,0.20766,0.21137,0.25006,0.7815,0.99878,1,0.995,0.995,0.99878,1,0.995,0.98606,0.17781,0.20339,0.17062,0.76841,0.000416,0.000416,0.000416
82,282.52,0.20672,0.2097,0.2461,0.78647,0.99879,1,0.995,0.995,0.99879,1,0.995,0.98897,0.16964,0.19971,0.1628,0.76847,0.0003962,0.0003962,0.0003962
83,285.749,0.22006,0.21982,0.25215,0.79269,0.99882,1,0.995,0.995,0.99882,1,0.995,0.98912,0.16033,0.19598,0.15383,0.76739,0.0003764,0.0003764,0.0003764
84,289.08,0.20496,0.20352,0.2442,0.79158,0.99882,1,0.995,0.99343,0.99882,1,0.995,0.99306,0.1641,0.20047,0.15211,0.76747,0.0003566,0.0003566,0.0003566
85,292.299,0.19991,0.20883,0.24557,0.79103,0.99883,1,0.995,0.995,0.99883,1,0.995,0.99313,0.17034,0.19547,0.15392,0.76827,0.0003368,0.0003368,0.0003368
86,295.524,0.21754,0.19882,0.24282,0.7999,0.99882,1,0.995,0.995,0.99882,1,0.995,0.99234,0.16732,0.19237,0.14259,0.7683,0.000317,0.000317,0.000317
87,298.879,0.21483,0.21314,0.24775,0.79421,0.99881,1,0.995,0.995,0.99881,1,0.995,0.99212,0.16997,0.19442,0.14979,0.76806,0.0002972,0.0002972,0.0002972
88,302.196,0.20487,0.20156,0.23918,0.7874,0.99882,1,0.995,0.995,0.99882,1,0.995,0.99212,0.15958,0.19735,0.14195,0.76787,0.0002774,0.0002774,0.0002774
89,305.457,0.2099,0.23363,0.24165,0.79584,0.99882,1,0.995,0.995,0.99882,1,0.995,0.98992,0.15717,0.19885,0.14343,0.76782,0.0002576,0.0002576,0.0002576
90,308.761,0.19173,0.21653,0.23238,0.79045,0.99881,1,0.995,0.995,0.99881,1,0.995,0.98999,0.15888,0.1977,0.14326,0.76761,0.0002378,0.0002378,0.0002378
91,313.617,0.16307,0.19448,0.26346,0.7567,0.99881,1,0.995,0.995,0.99881,1,0.995,0.98614,0.17564,0.20244,0.15139,0.76794,0.000218,0.000218,0.000218
92,316.903,0.16691,0.18701,0.25015,0.7552,0.99882,1,0.995,0.995,0.99882,1,0.995,0.98923,0.16196,0.20182,0.1535,0.76796,0.0001982,0.0001982,0.0001982
93,320.118,0.16854,0.18821,0.2465,0.7719,0.99881,1,0.995,0.995,0.99881,1,0.995,0.9891,0.15343,0.20314,0.14876,0.76712,0.0001784,0.0001784,0.0001784
94,323.414,0.16294,0.18922,0.24099,0.76111,0.99879,1,0.995,0.995,0.99879,1,0.995,0.99311,0.17094,0.20101,0.15703,0.76742,0.0001586,0.0001586,0.0001586
95,326.618,0.15013,0.18728,0.23366,0.77171,0.99877,1,0.995,0.995,0.99877,1,0.995,0.98985,0.16595,0.1972,0.15884,0.7673,0.0001388,0.0001388,0.0001388
96,329.906,0.16159,0.18177,0.23835,0.78565,0.9988,1,0.995,0.99345,0.9988,1,0.995,0.98972,0.15461,0.19384,0.15324,0.76712,0.000119,0.000119,0.000119
97,333.164,0.1615,0.18479,0.2352,0.7694,0.9988,1,0.995,0.995,0.9988,1,0.995,0.9914,0.14695,0.19476,0.1514,0.76661,9.92e-05,9.92e-05,9.92e-05
98,336.361,0.15662,0.18144,0.22664,0.75806,0.99881,1,0.995,0.995,0.99881,1,0.995,0.99139,0.14563,0.19589,0.1483,0.76645,7.94e-05,7.94e-05,7.94e-05
99,339.576,0.15083,0.18012,0.22781,0.77041,0.99883,1,0.995,0.995,0.99883,1,0.995,0.98951,0.14573,0.19662,0.14198,0.76628,5.96e-05,5.96e-05,5.96e-05
100,342.864,0.14423,0.18207,0.21904,0.76943,0.99884,1,0.995,0.995,0.99884,1,0.995,0.98973,0.14484,0.19732,0.14046,0.7664,3.98e-05,3.98e-05,3.98e-05
